[
{
  "model": "workout.workoutset",
  "pk": 1,
  "fields": {
    "workout_log": 1,
    "exercise": 5,
    "weight": "250.00",
    "reps": 5
  }
},
{
  "model": "workout.workoutset",
  "pk": 2,
  "fields": {
    "workout_log": 1,
    "exercise": 5,
    "weight": "250.00",
    "reps": 5
  }
},
{
  "model": "workout.workoutset",
  "pk": 3,
  "fields": {
    "workout_log": 1,
    "exercise": 5,
    "weight": "250.00",
    "reps": 5
  }
},
{
  "model": "workout.workoutset",
  "pk": 4,
  "fields": {
    "workout_log": 1,
    "exercise": 6,
    "weight": "130.00",
    "reps": 5
  }
},
{
  "model": "workout.workoutset",
  "pk": 5,
  "fields": {
    "workout_log": 1,
    "exercise": 6,
    "weight": "130.00",
    "reps": 5
  }
},
{
  "model": "workout.workoutset",
  "pk": 6,
  "fields": {
    "workout_log": 1,
    "exercise": 6,
    "weight": "130.00",
    "reps": 5
  }
},
{
  "model": "workout.workoutset",
  "pk": 7,
  "fields": {
    "workout_log": 1,
    "exercise": 7,
    "weight": "200.00",
    "reps": 5
  }
},
{
  "model": "workout.workoutset",
  "pk": 8,
  "fields": {
    "workout_log": 1,
    "exercise": 7,
    "weight": "200.00",
    "reps": 5
  }
},
{
  "model": "workout.workoutset",
  "pk": 9,
  "fields": {
    "workout_log": 1,
    "exercise": 7,
    "weight": "200.00",
    "reps": 5
  }
},
{
  "model": "workout.workoutset",
  "pk": 10,
  "fields": {
    "workout_log": 2,
    "exercise": 5,
    "weight": "250.00",
    "reps": 5
  }
},
{
  "model": "workout.workoutset",
  "pk": 11,
  "fields": {
    "workout_log": 2,
    "exercise": 5,
    "weight": "250.00",
    "reps": 5
  }
},
{
  "model": "workout.workoutset",
  "pk": 12,
  "fields": {
    "workout_log": 2,
    "exercise": 5,
    "weight": "250.00",
    "reps": 5
  }
},
{
  "model": "workout.workoutset",
  "pk": 13,
  "fields": {
    "workout_log": 2,
    "exercise": 6,
    "weight": "130.00",
    "reps": 5
  }
},
{
  "model": "workout.workoutset",
  "pk": 14,
  "fields": {
    "workout_log": 2,
    "exercise": 6,
    "weight": "130.00",
    "reps": 5
  }
},
{
  "model": "workout.workoutset",
  "pk": 15,
  "fields": {
    "workout_log": 2,
    "exercise": 6,
    "weight": "130.00",
    "reps": 5
  }
},
{
  "model": "workout.workoutset",
  "pk": 16,
  "fields": {
    "workout_log": 2,
    "exercise": 7,
    "weight": "200.00",
    "reps": 5
  }
},
{
  "model": "workout.workoutset",
  "pk": 17,
  "fields": {
    "workout_log": 2,
    "exercise": 7,
    "weight": "200.00",
    "reps": 5
  }
},
{
  "model": "workout.workoutset",
  "pk": 18,
  "fields": {
    "workout_log": 2,
    "exercise": 7,
    "weight": "200.00",
    "reps": 5
  }
},
{
  "model": "workout.workoutset",
  "pk": 19,
  "fields": {
    "workout_log": 2,
    "exercise": 8,
    "weight": "200.00",
    "reps": 5
  }
},
{
  "model": "workout.workoutset",
  "pk": 20,
  "fields": {
    "workout_log": 3,
    "exercise": 5,
    "weight": "250.00",
    "reps": 5
  }
},
{
  "model": "workout.workoutset",
  "pk": 21,
  "fields": {
    "workout_log": 3,
    "exercise": 5,
    "weight": "250.00",
    "reps": 5
  }
},
{
  "model": "workout.workoutset",
  "pk": 22,
  "fields": {
    "workout_log": 3,
    "exercise": 5,
    "weight": "250.00",
    "reps": 5
  }
},
{
  "model": "workout.workoutset",
  "pk": 23,
  "fields": {
    "workout_log": 3,
    "exercise": 6,
    "weight": "130.00",
    "reps": 5
  }
},
{
  "model": "workout.workoutset",
  "pk": 24,
  "fields": {
    "workout_log": 3,
    "exercise": 6,
    "weight": "130.00",
    "reps": 5
  }
},
{
  "model": "workout.workoutset",
  "pk": 25,
  "fields": {
    "workout_log": 3,
    "exercise": 6,
    "weight": "130.00",
    "reps": 5
  }
},
{
  "model": "workout.workoutset",
  "pk": 26,
  "fields": {
    "workout_log": 3,
    "exercise": 7,
    "weight": "200.00",
    "reps": 5
  }
},
{
  "model": "workout.workoutset",
  "pk": 27,
  "fields": {
    "workout_log": 3,
    "exercise": 7,
    "weight": "200.00",
    "reps": 5
  }
},
{
  "model": "workout.workoutset",
  "pk": 28,
  "fields": {
    "workout_log": 3,
    "exercise": 7,
    "weight": "200.00",
    "reps": 5
  }
},
{
  "model": "workout.workoutset",
  "pk": 29,
  "fields": {
    "workout_log": 4,
    "exercise": 5,
    "weight": "250.00",
    "reps": 5
  }
},
{
  "model": "workout.workoutset",
  "pk": 30,
  "fields": {
    "workout_log": 4,
    "exercise": 5,
    "weight": "250.00",
    "reps": 5
  }
},
{
  "model": "workout.workoutset",
  "pk": 31,
  "fields": {
    "workout_log": 4,
    "exercise": 5,
    "weight": "250.00",
    "reps": 5
  }
},
{
  "model": "workout.workoutset",
  "pk": 32,
  "fields": {
    "workout_log": 4,
    "exercise": 6,
    "weight": "130.00",
    "reps": 5
  }
},
{
  "model": "workout.workoutset",
  "pk": 33,
  "fields": {
    "workout_log": 4,
    "exercise": 6,
    "weight": "130.00",
    "reps": 5
  }
},
{
  "model": "workout.workoutset",
  "pk": 34,
  "fields": {
    "workout_log": 4,
    "exercise": 6,
    "weight": "130.00",
    "reps": 5
  }
},
{
  "model": "workout.workoutset",
  "pk": 35,
  "fields": {
    "workout_log": 4,
    "exercise": 7,
    "weight": "200.00",
    "reps": 5
  }
},
{
  "model": "workout.workoutset",
  "pk": 36,
  "fields": {
    "workout_log": 4,
    "exercise": 7,
    "weight": "200.00",
    "reps": 5
  }
},
{
  "model": "workout.workoutset",
  "pk": 37,
  "fields": {
    "workout_log": 4,
    "exercise": 7,
    "weight": "200.00",
    "reps": 5
  }
},
{
  "model": "workout.workoutset",
  "pk": 38,
  "fields": {
    "workout_log": 5,
    "exercise": 5,
    "weight": "250.00",
    "reps": 5
  }
},
{
  "model": "workout.workoutset",
  "pk": 39,
  "fields": {
    "workout_log": 5,
    "exercise": 5,
    "weight": "250.00",
    "reps": 5
  }
},
{
  "model": "workout.workoutset",
  "pk": 40,
  "fields": {
    "workout_log": 5,
    "exercise": 5,
    "weight": "250.00",
    "reps": 5
  }
},
{
  "model": "workout.workoutset",
  "pk": 41,
  "fields": {
    "workout_log": 5,
    "exercise": 6,
    "weight": "130.00",
    "reps": 5
  }
},
{
  "model": "workout.workoutset",
  "pk": 42,
  "fields": {
    "workout_log": 5,
    "exercise": 6,
    "weight": "130.00",
    "reps": 5
  }
},
{
  "model": "workout.workoutset",
  "pk": 43,
  "fields": {
    "workout_log": 5,
    "exercise": 6,
    "weight": "130.00",
    "reps": 5
  }
},
{
  "model": "workout.workoutset",
  "pk": 44,
  "fields": {
    "workout_log": 5,
    "exercise": 7,
    "weight": "200.00",
    "reps": 5
  }
},
{
  "model": "workout.workoutset",
  "pk": 45,
  "fields": {
    "workout_log": 5,
    "exercise": 7,
    "weight": "200.00",
    "reps": 5
  }
},
{
  "model": "workout.workoutset",
  "pk": 46,
  "fields": {
    "workout_log": 5,
    "exercise": 7,
    "weight": "200.00",
    "reps": 5
  }
},
{
  "model": "workout.workoutset",
  "pk": 47,
  "fields": {
    "workout_log": 6,
    "exercise": 5,
    "weight": "250.00",
    "reps": 5
  }
},
{
  "model": "workout.workoutset",
  "pk": 48,
  "fields": {
    "workout_log": 6,
    "exercise": 5,
    "weight": "250.00",
    "reps": 5
  }
},
{
  "model": "workout.workoutset",
  "pk": 49,
  "fields": {
    "workout_log": 6,
    "exercise": 5,
    "weight": "250.00",
    "reps": 5
  }
},
{
  "model": "workout.workoutset",
  "pk": 50,
  "fields": {
    "workout_log": 6,
    "exercise": 6,
    "weight": "130.00",
    "reps": 5
  }
},
{
  "model": "workout.workoutset",
  "pk": 51,
  "fields": {
    "workout_log": 6,
    "exercise": 6,
    "weight": "130.00",
    "reps": 5
  }
},
{
  "model": "workout.workoutset",
  "pk": 52,
  "fields": {
    "workout_log": 6,
    "exercise": 6,
    "weight": "130.00",
    "reps": 5
  }
},
{
  "model": "workout.workoutset",
  "pk": 53,
  "fields": {
    "workout_log": 6,
    "exercise": 7,
    "weight": "200.00",
    "reps": 5
  }
},
{
  "model": "workout.workoutset",
  "pk": 54,
  "fields": {
    "workout_log": 6,
    "exercise": 7,
    "weight": "200.00",
    "reps": 5
  }
},
{
  "model": "workout.workoutset",
  "pk": 55,
  "fields": {
    "workout_log": 6,
    "exercise": 7,
    "weight": "200.00",
    "reps": 5
  }
},
{
  "model": "workout.workoutset",
  "pk": 56,
  "fields": {
    "workout_log": 7,
    "exercise": 5,
    "weight": "250.00",
    "reps": 5
  }
},
{
  "model": "workout.workoutset",
  "pk": 57,
  "fields": {
    "workout_log": 7,
    "exercise": 5,
    "weight": "250.00",
    "reps": 5
  }
},
{
  "model": "workout.workoutset",
  "pk": 58,
  "fields": {
    "workout_log": 7,
    "exercise": 5,
    "weight": "250.00",
    "reps": 5
  }
},
{
  "model": "workout.workoutset",
  "pk": 59,
  "fields": {
    "workout_log": 7,
    "exercise": 6,
    "weight": "130.00",
    "reps": 5
  }
},
{
  "model": "workout.workoutset",
  "pk": 60,
  "fields": {
    "workout_log": 7,
    "exercise": 6,
    "weight": "130.00",
    "reps": 5
  }
},
{
  "model": "workout.workoutset",
  "pk": 61,
  "fields": {
    "workout_log": 7,
    "exercise": 6,
    "weight": "130.00",
    "reps": 5
  }
},
{
  "model": "workout.workoutset",
  "pk": 62,
  "fields": {
    "workout_log": 7,
    "exercise": 7,
    "weight": "200.00",
    "reps": 5
  }
},
{
  "model": "workout.workoutset",
  "pk": 63,
  "fields": {
    "workout_log": 7,
    "exercise": 7,
    "weight": "200.00",
    "reps": 5
  }
},
{
  "model": "workout.workoutset",
  "pk": 64,
  "fields": {
    "workout_log": 7,
    "exercise": 7,
    "weight": "200.00",
    "reps": 5
  }
},
{
  "model": "workout.workoutset",
  "pk": 65,
  "fields": {
    "workout_log": 8,
    "exercise": 5,
    "weight": "250.00",
    "reps": 5
  }
},
{
  "model": "workout.workoutset",
  "pk": 66,
  "fields": {
    "workout_log": 8,
    "exercise": 5,
    "weight": "250.00",
    "reps": 5
  }
},
{
  "model": "workout.workoutset",
  "pk": 67,
  "fields": {
    "workout_log": 8,
    "exercise": 5,
    "weight": "250.00",
    "reps": 5
  }
},
{
  "model": "workout.workoutset",
  "pk": 68,
  "fields": {
    "workout_log": 8,
    "exercise": 6,
    "weight": "130.00",
    "reps": 5
  }
},
{
  "model": "workout.workoutset",
  "pk": 69,
  "fields": {
    "workout_log": 8,
    "exercise": 6,
    "weight": "130.00",
    "reps": 5
  }
},
{
  "model": "workout.workoutset",
  "pk": 70,
  "fields": {
    "workout_log": 8,
    "exercise": 6,
    "weight": "130.00",
    "reps": 5
  }
},
{
  "model": "workout.workoutset",
  "pk": 71,
  "fields": {
    "workout_log": 8,
    "exercise": 7,
    "weight": "200.00",
    "reps": 5
  }
},
{
  "model": "workout.workoutset",
  "pk": 72,
  "fields": {
    "workout_log": 8,
    "exercise": 7,
    "weight": "200.00",
    "reps": 5
  }
},
{
  "model": "workout.workoutset",
  "pk": 73,
  "fields": {
    "workout_log": 8,
    "exercise": 7,
    "weight": "200.00",
    "reps": 5
  }
},
{
  "model": "workout.workoutset",
  "pk": 74,
  "fields": {
    "workout_log": 9,
    "exercise": 5,
    "weight": "240.00",
    "reps": 5
  }
},
{
  "model": "workout.workoutset",
  "pk": 75,
  "fields": {
    "workout_log": 9,
    "exercise": 5,
    "weight": "240.00",
    "reps": 5
  }
},
{
  "model": "workout.workoutset",
  "pk": 76,
  "fields": {
    "workout_log": 9,
    "exercise": 5,
    "weight": "240.00",
    "reps": 5
  }
},
{
  "model": "workout.workoutset",
  "pk": 77,
  "fields": {
    "workout_log": 9,
    "exercise": 6,
    "weight": "130.00",
    "reps": 5
  }
},
{
  "model": "workout.workoutset",
  "pk": 78,
  "fields": {
    "workout_log": 9,
    "exercise": 6,
    "weight": "130.00",
    "reps": 5
  }
},
{
  "model": "workout.workoutset",
  "pk": 79,
  "fields": {
    "workout_log": 9,
    "exercise": 6,
    "weight": "130.00",
    "reps": 5
  }
},
{
  "model": "workout.workoutset",
  "pk": 80,
  "fields": {
    "workout_log": 9,
    "exercise": 7,
    "weight": "200.00",
    "reps": 5
  }
},
{
  "model": "workout.workoutset",
  "pk": 81,
  "fields": {
    "workout_log": 9,
    "exercise": 7,
    "weight": "200.00",
    "reps": 5
  }
},
{
  "model": "workout.workoutset",
  "pk": 82,
  "fields": {
    "workout_log": 9,
    "exercise": 7,
    "weight": "200.00",
    "reps": 5
  }
},
{
  "model": "workout.workoutset",
  "pk": 83,
  "fields": {
    "workout_log": 10,
    "exercise": 5,
    "weight": "230.00",
    "reps": 5
  }
},
{
  "model": "workout.workoutset",
  "pk": 84,
  "fields": {
    "workout_log": 10,
    "exercise": 5,
    "weight": "230.00",
    "reps": 5
  }
},
{
  "model": "workout.workoutset",
  "pk": 85,
  "fields": {
    "workout_log": 10,
    "exercise": 5,
    "weight": "230.00",
    "reps": 5
  }
},
{
  "model": "workout.workoutset",
  "pk": 86,
  "fields": {
    "workout_log": 10,
    "exercise": 6,
    "weight": "130.00",
    "reps": 5
  }
},
{
  "model": "workout.workoutset",
  "pk": 87,
  "fields": {
    "workout_log": 10,
    "exercise": 6,
    "weight": "130.00",
    "reps": 5
  }
},
{
  "model": "workout.workoutset",
  "pk": 88,
  "fields": {
    "workout_log": 10,
    "exercise": 6,
    "weight": "130.00",
    "reps": 5
  }
},
{
  "model": "workout.workoutset",
  "pk": 89,
  "fields": {
    "workout_log": 10,
    "exercise": 7,
    "weight": "200.00",
    "reps": 5
  }
},
{
  "model": "workout.workoutset",
  "pk": 90,
  "fields": {
    "workout_log": 10,
    "exercise": 7,
    "weight": "200.00",
    "reps": 5
  }
},
{
  "model": "workout.workoutset",
  "pk": 91,
  "fields": {
    "workout_log": 10,
    "exercise": 7,
    "weight": "200.00",
    "reps": 5
  }
},
{
  "model": "workout.workoutset",
  "pk": 92,
  "fields": {
    "workout_log": 11,
    "exercise": 5,
    "weight": "220.00",
    "reps": 5
  }
},
{
  "model": "workout.workoutset",
  "pk": 93,
  "fields": {
    "workout_log": 12,
    "exercise": 5,
    "weight": "200.00",
    "reps": 5
  }
},
{
  "model": "workout.workoutset",
  "pk": 94,
  "fields": {
    "workout_log": 13,
    "exercise": 5,
    "weight": "210.00",
    "reps": 5
  }
},
{
  "model": "workout.workoutset",
  "pk": 95,
  "fields": {
    "workout_log": 14,
    "exercise": 5,
    "weight": "215.00",
    "reps": 5
  }
},
{
  "model": "workout.workoutset",
  "pk": 96,
  "fields": {
    "workout_log": 15,
    "exercise": 5,
    "weight": "220.00",
    "reps": 5
  }
},
{
  "model": "workout.workoutset",
  "pk": 97,
  "fields": {
    "workout_log": 16,
    "exercise": 5,
    "weight": "225.00",
    "reps": 5
  }
},
{
  "model": "workout.workoutset",
  "pk": 98,
  "fields": {
    "workout_log": 17,
    "exercise": 5,
    "weight": "250.00",
    "reps": 5
  }
},
{
  "model": "workout.workoutset",
  "pk": 99,
  "fields": {
    "workout_log": 17,
    "exercise": 5,
    "weight": "250.00",
    "reps": 5
  }
},
{
  "model": "workout.workoutset",
  "pk": 100,
  "fields": {
    "workout_log": 17,
    "exercise": 5,
    "weight": "250.00",
    "reps": 5
  }
},
{
  "model": "workout.workoutset",
  "pk": 101,
  "fields": {
    "workout_log": 17,
    "exercise": 6,
    "weight": "130.00",
    "reps": 5
  }
},
{
  "model": "workout.workoutset",
  "pk": 102,
  "fields": {
    "workout_log": 17,
    "exercise": 6,
    "weight": "130.00",
    "reps": 5
  }
},
{
  "model": "workout.workoutset",
  "pk": 103,
  "fields": {
    "workout_log": 17,
    "exercise": 6,
    "weight": "130.00",
    "reps": 5
  }
},
{
  "model": "workout.workoutset",
  "pk": 104,
  "fields": {
    "workout_log": 17,
    "exercise": 7,
    "weight": "200.00",
    "reps": 5
  }
},
{
  "model": "workout.workoutset",
  "pk": 105,
  "fields": {
    "workout_log": 17,
    "exercise": 7,
    "weight": "200.00",
    "reps": 5
  }
},
{
  "model": "workout.workoutset",
  "pk": 106,
  "fields": {
    "workout_log": 17,
    "exercise": 7,
    "weight": "200.00",
    "reps": 5
  }
},
{
  "model": "sessions.session",
  "pk": "0hzy5lhq3pyhtrmb4swk7j5brlrre4fk",
  "fields": {
    "session_data": ".eJxVi0sOwjAMBe_iNaripsExSyTOETmxq1R8FoSuEHcnlbqA5byZ94Yk66umtdkzLQonQDj8blnK1R6b2LANO7fhcpfldt7t36VKq7134srMXCyyM_E6e4w0yqgTl6ws4k3RUybFKbgQj2KEFPvSIx8YPl-jBTKJ:1rcfSp:Y8IhvR0utmOkkcol-X3gXNucVPjbXXBqUZu7rnc6q48",
    "expire_date": "2024-03-06T05:48:15.749Z"
  }
},
{
  "model": "sessions.session",
  "pk": "f4bbrjfboqtcq39e46ewlk40dacmqybh",
  "fields": {
    "session_data": ".eJxVjMEKwjAQRP8lZymbpOlqj0K_I2ySXRrUKl0LivjvWuhBj2_ezLxMpOU-xkV5jrWY3niz-80S5RNPq1hRm421GS5Uz8fN_k1G0vHbl04kZ7-32ZNvLTCAlzZYx6XLYiEh2iJMhRyis04YAiWUDg6hYMD1VFm1XqfIj1udn6aH9wflYzoV:1rdOKg:pLH9TEfb9iOHQLXJInesqOZUhxw-0GNRzVx0zIhJTv0",
    "expire_date": "2024-03-08T05:42:50.022Z"
  }
},
{
  "model": "users.user",
  "fields": {
    "password": "pbkdf2_sha256$720000$DccC4JNAhaFm7ViaiC0Ei1$rqMGuzeBDDR8wDDAcXZDR5F32s3qi0qbiLJNckTJe5w=",
    "last_login": "2024-02-21T05:48:15.746Z",
    "is_superuser": true,
    "username": "admin",
    "is_staff": true,
    "is_active": true,
    "date_joined": "2024-02-21T02:54:41.211Z",
    "email": "admin@gmail.com",
    "first_name": "first",
    "last_name": "last",
    "gender": "M",
    "height": 70.0,
    "weight": 160.0,
    "age": 30,
    "groups": [],
    "user_permissions": []
  }
},
{
  "model": "users.user",
  "fields": {
    "password": "pbkdf2_sha256$720000$k3AK65m7XypMuQeryXyGJB$bp7LAQB1MQQPhrsV+THXkaCsvh+zybBsEBI+MLwkQjs=",
    "last_login": null,
    "is_superuser": true,
    "username": "default",
    "is_staff": true,
    "is_active": true,
    "date_joined": "2024-02-21T02:55:38.948Z",
    "email": "default@gmail.com",
    "first_name": "first",
    "last_name": "last",
    "gender": "M",
    "height": 70.0,
    "weight": 160.0,
    "age": 30,
    "groups": [],
    "user_permissions": []
  }
},
{
  "model": "users.user",
  "fields": {
    "password": "pbkdf2_sha256$720000$SsLG43oG7pmpwpdDmMLEts$X7huICkr2qvWgG9/4It2k4in3B9zEj7oQr2/TzM9f/A=",
    "last_login": "2024-02-23T05:42:50.018Z",
    "is_superuser": false,
    "username": "snorini",
    "is_staff": false,
    "is_active": true,
    "date_joined": "2024-02-21T03:02:17.494Z",
    "email": "snorini@gmail.com",
    "first_name": "Sean",
    "last_name": "Norini",
    "gender": "M",
    "height": 70.0,
    "weight": 160.0,
    "age": 30,
    "groups": [],
    "user_permissions": []
  }
},
{
  "model": "workout.workoutlog",
  "pk": 1,
  "fields": {
    "workout": 1,
    "user": [
      "snorini"
    ],
    "date": "2024-02-20"
  }
},
{
  "model": "workout.workoutlog",
  "pk": 2,
  "fields": {
    "workout": 1,
    "user": [
      "snorini"
    ],
    "date": "2024-02-20"
  }
},
{
  "model": "workout.workoutlog",
  "pk": 3,
  "fields": {
    "workout": 1,
    "user": [
      "snorini"
    ],
    "date": "2024-02-19"
  }
},
{
  "model": "workout.workoutlog",
  "pk": 4,
  "fields": {
    "workout": 1,
    "user": [
      "snorini"
    ],
    "date": "2024-02-18"
  }
},
{
  "model": "workout.workoutlog",
  "pk": 5,
  "fields": {
    "workout": 1,
    "user": [
      "snorini"
    ],
    "date": "2024-02-17"
  }
},
{
  "model": "workout.workoutlog",
  "pk": 6,
  "fields": {
    "workout": 1,
    "user": [
      "snorini"
    ],
    "date": "2024-02-16"
  }
},
{
  "model": "workout.workoutlog",
  "pk": 7,
  "fields": {
    "workout": 1,
    "user": [
      "snorini"
    ],
    "date": "2024-02-15"
  }
},
{
  "model": "workout.workoutlog",
  "pk": 8,
  "fields": {
    "workout": 1,
    "user": [
      "snorini"
    ],
    "date": "2024-02-20"
  }
},
{
  "model": "workout.workoutlog",
  "pk": 9,
  "fields": {
    "workout": 1,
    "user": [
      "snorini"
    ],
    "date": "2024-02-10"
  }
},
{
  "model": "workout.workoutlog",
  "pk": 10,
  "fields": {
    "workout": 1,
    "user": [
      "snorini"
    ],
    "date": "2024-02-05"
  }
},
{
  "model": "workout.workoutlog",
  "pk": 11,
  "fields": {
    "workout": 1,
    "user": [
      "snorini"
    ],
    "date": "2024-02-01"
  }
},
{
  "model": "workout.workoutlog",
  "pk": 12,
  "fields": {
    "workout": 1,
    "user": [
      "snorini"
    ],
    "date": "2024-01-01"
  }
},
{
  "model": "workout.workoutlog",
  "pk": 13,
  "fields": {
    "workout": 1,
    "user": [
      "snorini"
    ],
    "date": "2024-01-10"
  }
},
{
  "model": "workout.workoutlog",
  "pk": 14,
  "fields": {
    "workout": 1,
    "user": [
      "snorini"
    ],
    "date": "2024-01-15"
  }
},
{
  "model": "workout.workoutlog",
  "pk": 15,
  "fields": {
    "workout": 1,
    "user": [
      "snorini"
    ],
    "date": "2024-01-20"
  }
},
{
  "model": "workout.workoutlog",
  "pk": 16,
  "fields": {
    "workout": 1,
    "user": [
      "snorini"
    ],
    "date": "2024-01-25"
  }
},
{
  "model": "workout.workoutlog",
  "pk": 17,
  "fields": {
    "workout": 2,
    "user": [
      "snorini"
    ],
    "date": "2024-02-20"
  }
},
{
  "model": "workout.exercise",
  "pk": 1,
  "fields": {
    "user": [
      "default"
    ],
    "name": "Low Bar Squat"
  }
},
{
  "model": "workout.exercise",
  "pk": 2,
  "fields": {
    "user": [
      "default"
    ],
    "name": "High Bar Squat"
  }
},
{
  "model": "workout.exercise",
  "pk": 3,
  "fields": {
    "user": [
      "default"
    ],
    "name": "Overhead Press"
  }
},
{
  "model": "workout.exercise",
  "pk": 4,
  "fields": {
    "user": [
      "default"
    ],
    "name": "Bench Press"
  }
},
{
  "model": "workout.exercise",
  "pk": 5,
  "fields": {
    "user": [
      "snorini"
    ],
    "name": "Low Bar Squat"
  }
},
{
  "model": "workout.exercise",
  "pk": 6,
  "fields": {
    "user": [
      "snorini"
    ],
    "name": "Overhead Press"
  }
},
{
  "model": "workout.exercise",
  "pk": 7,
  "fields": {
    "user": [
      "snorini"
    ],
    "name": "Bench Press"
  }
},
{
  "model": "workout.exercise",
  "pk": 8,
  "fields": {
    "user": [
      "snorini"
    ],
    "name": "High Bar Squat"
  }
},
{
  "model": "workout.workout",
  "pk": 1,
  "fields": {
    "user": [
      "default"
    ],
    "name": "Starting Strength - A",
    "config": {
      "exercises": [
        {
          "Low Bar Squat": {
            "weight": [
              250,
              250,
              250
            ],
            "reps": [
              5,
              5,
              5
            ]
          }
        },
        {
          "Overhead Press": {
            "weight": [
              130,
              130,
              130
            ],
            "reps": [
              5,
              5,
              5
            ]
          }
        },
        {
          "Bench Press": {
            "weight": [
              200,
              200,
              200
            ],
            "reps": [
              5,
              5,
              5
            ]
          }
        }
      ]
    }
  }
},
{
  "model": "workout.workout",
  "pk": 2,
  "fields": {
    "user": [
      "default"
    ],
    "name": "Custom Workout",
    "config": {
      "exercises": [
        {
          "Low Bar Squat": {
            "weight": [
              250,
              250,
              250
            ],
            "reps": [
              5,
              5,
              5
            ]
          }
        },
        {
          "Overhead Press": {
            "weight": [
              130,
              130,
              130
            ],
            "reps": [
              5,
              5,
              5
            ]
          }
        },
        {
          "Bench Press": {
            "weight": [
              200,
              200,
              200
            ],
            "reps": [
              5,
              5,
              5
            ]
          }
        }
      ]
    }
  }
}
]
