[
{
  "model": "log.workoutset",
  "pk": 1,
  "fields": {
    "workout_log": 1,
    "exercise": 318,
    "weight": 0.0,
    "reps": 8
  }
},
{
  "model": "log.workoutset",
  "pk": 2,
  "fields": {
    "workout_log": 1,
    "exercise": 308,
    "weight": 0.0,
    "reps": 8
  }
},
{
  "model": "log.workoutset",
  "pk": 3,
  "fields": {
    "workout_log": 1,
    "exercise": 312,
    "weight": 0.0,
    "reps": 8
  }
},
{
  "model": "log.workoutset",
  "pk": 4,
  "fields": {
    "workout_log": 1,
    "exercise": 294,
    "weight": 0.0,
    "reps": 8
  }
},
{
  "model": "workout.week",
  "pk": 33,
  "fields": {
    "routine": 14,
    "week_number": 1
  }
},
{
  "model": "workout.week",
  "pk": 34,
  "fields": {
    "routine": 14,
    "week_number": 2
  }
},
{
  "model": "workout.day",
  "pk": 225,
  "fields": {
    "week": 33,
    "day_number": 1
  }
},
{
  "model": "workout.day",
  "pk": 226,
  "fields": {
    "week": 33,
    "day_number": 2
  }
},
{
  "model": "workout.day",
  "pk": 227,
  "fields": {
    "week": 33,
    "day_number": 3
  }
},
{
  "model": "workout.day",
  "pk": 228,
  "fields": {
    "week": 33,
    "day_number": 4
  }
},
{
  "model": "workout.day",
  "pk": 229,
  "fields": {
    "week": 33,
    "day_number": 5
  }
},
{
  "model": "workout.day",
  "pk": 230,
  "fields": {
    "week": 33,
    "day_number": 6
  }
},
{
  "model": "workout.day",
  "pk": 231,
  "fields": {
    "week": 33,
    "day_number": 7
  }
},
{
  "model": "workout.day",
  "pk": 232,
  "fields": {
    "week": 34,
    "day_number": 1
  }
},
{
  "model": "workout.day",
  "pk": 233,
  "fields": {
    "week": 34,
    "day_number": 2
  }
},
{
  "model": "workout.day",
  "pk": 234,
  "fields": {
    "week": 34,
    "day_number": 3
  }
},
{
  "model": "workout.day",
  "pk": 235,
  "fields": {
    "week": 34,
    "day_number": 4
  }
},
{
  "model": "workout.day",
  "pk": 236,
  "fields": {
    "week": 34,
    "day_number": 5
  }
},
{
  "model": "workout.day",
  "pk": 237,
  "fields": {
    "week": 34,
    "day_number": 6
  }
},
{
  "model": "workout.day",
  "pk": 238,
  "fields": {
    "week": 34,
    "day_number": 7
  }
},
{
  "model": "workout.dayworkout",
  "pk": 445,
  "fields": {
    "day": 225,
    "workout": 183,
    "order": 0
  }
},
{
  "model": "workout.dayworkout",
  "pk": 446,
  "fields": {
    "day": 226,
    "workout": 181,
    "order": 0
  }
},
{
  "model": "workout.dayworkout",
  "pk": 447,
  "fields": {
    "day": 227,
    "workout": 183,
    "order": 0
  }
},
{
  "model": "workout.dayworkout",
  "pk": 448,
  "fields": {
    "day": 228,
    "workout": 182,
    "order": 0
  }
},
{
  "model": "workout.dayworkout",
  "pk": 449,
  "fields": {
    "day": 229,
    "workout": 183,
    "order": 0
  }
},
{
  "model": "workout.dayworkout",
  "pk": 450,
  "fields": {
    "day": 230,
    "workout": 181,
    "order": 0
  }
},
{
  "model": "workout.dayworkout",
  "pk": 451,
  "fields": {
    "day": 231,
    "workout": 183,
    "order": 0
  }
},
{
  "model": "workout.dayworkout",
  "pk": 452,
  "fields": {
    "day": 232,
    "workout": 183,
    "order": 0
  }
},
{
  "model": "workout.dayworkout",
  "pk": 453,
  "fields": {
    "day": 233,
    "workout": 182,
    "order": 0
  }
},
{
  "model": "workout.dayworkout",
  "pk": 454,
  "fields": {
    "day": 234,
    "workout": 183,
    "order": 0
  }
},
{
  "model": "workout.dayworkout",
  "pk": 455,
  "fields": {
    "day": 235,
    "workout": 181,
    "order": 0
  }
},
{
  "model": "workout.dayworkout",
  "pk": 456,
  "fields": {
    "day": 236,
    "workout": 183,
    "order": 0
  }
},
{
  "model": "workout.dayworkout",
  "pk": 457,
  "fields": {
    "day": 237,
    "workout": 182,
    "order": 0
  }
},
{
  "model": "workout.dayworkout",
  "pk": 458,
  "fields": {
    "day": 238,
    "workout": 183,
    "order": 0
  }
},
{
  "model": "sessions.session",
  "pk": "qb0qoawiweo33byq3a8j3w7q5z4xdizx",
  "fields": {
    "session_data": ".eJxVjMEKwjAQRP8lZym7mramR8HvCLvZDQ1qla4FRfx3DfSgxzdvZl4u0nIf42I6xyJucOg2vxlTOulURUVrVrbmeKFyPqz2bzKSjd8-M-E-pBYyI6rPCQGkC-hZOqEuCxEl9ig7JsiqW4AeoJWgvbJPvp6ampXrFPVxK_PTDfD-ABObOxY:1s0tYR:tnC_xGTwzDb8bMeHQYIQV6qhzpNJ7p5GIgT7UgcL7fA",
    "expire_date": "2024-05-12T01:42:11.311Z"
  }
},
{
  "model": "sessions.session",
  "pk": "u651kbdmhbkmy0jfnxqjq3tp86xvbzrb",
  "fields": {
    "session_data": ".eJxVjMEKwjAQRP8lZynZTUjTHgW_I2ySDQ1qlW4LivjvGuhBj2_ezLxUoG2dwia8hJrVqIw6_GaR0pnnJhpKt7N0pyvVy3G3f5OJZPr2c4lGM9pEBXvDoJ0bYgHXe4fWGerzUIpH8MmzzRGthggOEiFkj57aqbBIvc2BH_e6PNWo3x_HOTmO:1ryhkz:_WR3sjPtVdstLcVo_daG8esHzlI1R1e5Qt10x9bl3oo",
    "expire_date": "2024-05-06T00:42:05.749Z"
  }
},
{
  "model": "users.user",
  "fields": {
    "password": "pbkdf2_sha256$600000$KPpvGmZNY4DHfY32starUZ$SRjWXrvSo3noDJNg1xiV5o/8np5LjoFkgpuy6ZKh5Ng=",
    "last_login": "2024-04-28T16:51:02.981Z",
    "is_superuser": false,
    "username": "default",
    "is_staff": false,
    "is_active": true,
    "date_joined": "2024-04-20T08:48:22Z",
    "email": "demouser@demo.com",
    "first_name": "first",
    "last_name": "last",
    "groups": [],
    "user_permissions": []
  }
},
{
  "model": "users.user",
  "fields": {
    "password": "pbkdf2_sha256$600000$DpdA9IXbue7fzdtwp1h7v7$jqOKtAeucYvgPHRXOfWQNkuWKwwYAH6DvY4lnaJExW0=",
    "last_login": "2024-04-28T01:40:14.494Z",
    "is_superuser": true,
    "username": "admin",
    "is_staff": true,
    "is_active": true,
    "date_joined": "2024-04-20T08:49:22.137Z",
    "email": "admin@admin.com",
    "first_name": "first",
    "last_name": "last",
    "groups": [],
    "user_permissions": []
  }
},
{
  "model": "users.user",
  "fields": {
    "password": "pbkdf2_sha256$600000$lR2Rlb7yloLDYg7mEOM2aK$fq7WarelZgxg7XMW3zSrtg38pJ7/8Disiivrdwr9AQk=",
    "last_login": "2024-04-28T01:41:56.432Z",
    "is_superuser": false,
    "username": "snorini",
    "is_staff": false,
    "is_active": true,
    "date_joined": "2024-04-20T08:52:35Z",
    "email": "snorini@gmail.com",
    "first_name": "Sean",
    "last_name": "Norini",
    "groups": [],
    "user_permissions": []
  }
},
{
  "model": "workout.routinesettings",
  "pk": 1,
  "fields": {
    "user": [
      "admin"
    ],
    "routine": null,
    "week_number": 1,
    "day_number": 1,
    "workout_index": 0,
    "last_completed": "2024-04-20T08:52:01.963Z"
  }
},
{
  "model": "workout.routinesettings",
  "pk": 2,
  "fields": {
    "user": [
      "default"
    ],
    "routine": null,
    "week_number": 1,
    "day_number": 1,
    "workout_index": 0,
    "last_completed": "2024-04-20T08:53:10.918Z"
  }
},
{
  "model": "workout.routinesettings",
  "pk": 3,
  "fields": {
    "user": [
      "snorini"
    ],
    "routine": null,
    "week_number": 1,
    "day_number": 1,
    "workout_index": 0,
    "last_completed": "2024-04-20T23:16:15.973Z"
  }
},
{
  "model": "workout.routine",
  "pk": 14,
  "fields": {
    "name": "Starting Strength",
    "user": [
      "default"
    ]
  }
},
{
  "model": "workout.workoutsettings",
  "pk": 1,
  "fields": {
    "user": [
      "admin"
    ],
    "auto_update_five_rep_max": false,
    "show_rest_timer": false,
    "show_workout_timer": false
  }
},
{
  "model": "workout.workoutsettings",
  "pk": 2,
  "fields": {
    "user": [
      "snorini"
    ],
    "auto_update_five_rep_max": false,
    "show_rest_timer": true,
    "show_workout_timer": true
  }
},
{
  "model": "workout.workoutsettings",
  "pk": 3,
  "fields": {
    "user": [
      "default"
    ],
    "auto_update_five_rep_max": false,
    "show_rest_timer": false,
    "show_workout_timer": false
  }
},
{
  "model": "workout.workout",
  "pk": 166,
  "fields": {
    "user": [
      "default"
    ],
    "name": "Hiit Intensity",
    "config": [
      {
        "name": "Lunge",
        "id": 295,
        "five_rep_max": 0,
        "sets": [
          {
            "amount": 0,
            "modifier": "percentage",
            "reps": 15
          },
          {
            "amount": 0,
            "modifier": "percentage",
            "reps": 15
          },
          {
            "amount": 0,
            "modifier": "percentage",
            "reps": 15
          },
          {
            "amount": 0,
            "modifier": "percentage",
            "reps": 15
          }
        ]
      },
      {
        "name": "Push-Up",
        "id": 293,
        "five_rep_max": 0,
        "sets": [
          {
            "amount": 0,
            "modifier": "percentage",
            "reps": 10
          },
          {
            "amount": 0,
            "modifier": "percentage",
            "reps": 10
          },
          {
            "amount": 0,
            "modifier": "percentage",
            "reps": 10
          }
        ]
      },
      {
        "name": "Elliptical Trainer",
        "id": 306,
        "five_rep_max": 0,
        "sets": [
          {
            "amount": 0,
            "modifier": "percentage",
            "reps": 6
          },
          {
            "amount": 0,
            "modifier": "percentage",
            "reps": 6
          },
          {
            "amount": 0,
            "modifier": "percentage",
            "reps": 6
          },
          {
            "amount": 0,
            "modifier": "percentage",
            "reps": 6
          }
        ]
      },
      {
        "name": "Calf Raise",
        "id": 314,
        "five_rep_max": 0,
        "sets": [
          {
            "amount": 0,
            "modifier": "percentage",
            "reps": 7
          }
        ]
      },
      {
        "name": "Back Squat",
        "id": 311,
        "five_rep_max": 0,
        "sets": [
          {
            "amount": 0,
            "modifier": "percentage",
            "reps": 6
          },
          {
            "amount": 0,
            "modifier": "percentage",
            "reps": 6
          },
          {
            "amount": 0,
            "modifier": "percentage",
            "reps": 6
          }
        ]
      }
    ],
    "exercises": [
      293,
      295,
      306,
      311,
      314
    ]
  }
},
{
  "model": "workout.workout",
  "pk": 167,
  "fields": {
    "user": [
      "default"
    ],
    "name": "Athletic Training",
    "config": [
      {
        "name": "Squat",
        "id": 277,
        "five_rep_max": 0,
        "sets": [
          {
            "amount": 0,
            "modifier": "percentage",
            "reps": 7
          },
          {
            "amount": 0,
            "modifier": "percentage",
            "reps": 7
          },
          {
            "amount": 0,
            "modifier": "percentage",
            "reps": 7
          },
          {
            "amount": 0,
            "modifier": "percentage",
            "reps": 7
          }
        ]
      },
      {
        "name": "Front Squat",
        "id": 310,
        "five_rep_max": 0,
        "sets": [
          {
            "amount": 0,
            "modifier": "percentage",
            "reps": 15
          },
          {
            "amount": 0,
            "modifier": "percentage",
            "reps": 15
          },
          {
            "amount": 0,
            "modifier": "percentage",
            "reps": 15
          },
          {
            "amount": 0,
            "modifier": "percentage",
            "reps": 15
          },
          {
            "amount": 0,
            "modifier": "percentage",
            "reps": 15
          }
        ]
      },
      {
        "name": "Nordic Hamstring Curl",
        "id": 333,
        "five_rep_max": 0,
        "sets": [
          {
            "amount": 0,
            "modifier": "percentage",
            "reps": 8
          },
          {
            "amount": 0,
            "modifier": "percentage",
            "reps": 8
          },
          {
            "amount": 0,
            "modifier": "percentage",
            "reps": 8
          }
        ]
      },
      {
        "name": "Lat Pulldown",
        "id": 316,
        "five_rep_max": 0,
        "sets": [
          {
            "amount": 0,
            "modifier": "percentage",
            "reps": 8
          },
          {
            "amount": 0,
            "modifier": "percentage",
            "reps": 8
          },
          {
            "amount": 0,
            "modifier": "percentage",
            "reps": 8
          },
          {
            "amount": 0,
            "modifier": "percentage",
            "reps": 8
          },
          {
            "amount": 0,
            "modifier": "percentage",
            "reps": 8
          }
        ]
      }
    ],
    "exercises": [
      277,
      310,
      316,
      333
    ]
  }
},
{
  "model": "workout.workout",
  "pk": 168,
  "fields": {
    "user": [
      "default"
    ],
    "name": "Kettlebell Kombat",
    "config": [
      {
        "name": "Dumbbell Row",
        "id": 291,
        "five_rep_max": 0,
        "sets": [
          {
            "amount": 0,
            "modifier": "percentage",
            "reps": 15
          },
          {
            "amount": 0,
            "modifier": "percentage",
            "reps": 15
          },
          {
            "amount": 0,
            "modifier": "percentage",
            "reps": 15
          },
          {
            "amount": 0,
            "modifier": "percentage",
            "reps": 15
          }
        ]
      },
      {
        "name": "Leg Press",
        "id": 283,
        "five_rep_max": 0,
        "sets": [
          {
            "amount": 0,
            "modifier": "percentage",
            "reps": 6
          }
        ]
      },
      {
        "name": "Superman Exercise",
        "id": 330,
        "five_rep_max": 0,
        "sets": [
          {
            "amount": 0,
            "modifier": "percentage",
            "reps": 7
          }
        ]
      },
      {
        "name": "Nordic Hamstring Curl",
        "id": 333,
        "five_rep_max": 0,
        "sets": [
          {
            "amount": 0,
            "modifier": "percentage",
            "reps": 5
          },
          {
            "amount": 0,
            "modifier": "percentage",
            "reps": 5
          },
          {
            "amount": 0,
            "modifier": "percentage",
            "reps": 5
          }
        ]
      }
    ],
    "exercises": [
      283,
      291,
      330,
      333
    ]
  }
},
{
  "model": "workout.workout",
  "pk": 169,
  "fields": {
    "user": [
      "default"
    ],
    "name": "Yoga Retreat",
    "config": [
      {
        "name": "Pull-Up",
        "id": 282,
        "five_rep_max": 0,
        "sets": [
          {
            "amount": 0,
            "modifier": "percentage",
            "reps": 15
          },
          {
            "amount": 0,
            "modifier": "percentage",
            "reps": 15
          },
          {
            "amount": 0,
            "modifier": "percentage",
            "reps": 15
          },
          {
            "amount": 0,
            "modifier": "percentage",
            "reps": 15
          },
          {
            "amount": 0,
            "modifier": "percentage",
            "reps": 15
          }
        ]
      },
      {
        "name": "Lateral Raise",
        "id": 289,
        "five_rep_max": 0,
        "sets": [
          {
            "amount": 0,
            "modifier": "percentage",
            "reps": 13
          },
          {
            "amount": 0,
            "modifier": "percentage",
            "reps": 13
          },
          {
            "amount": 0,
            "modifier": "percentage",
            "reps": 13
          }
        ]
      },
      {
        "name": "Push-Up",
        "id": 293,
        "five_rep_max": 0,
        "sets": [
          {
            "amount": 0,
            "modifier": "percentage",
            "reps": 12
          },
          {
            "amount": 0,
            "modifier": "percentage",
            "reps": 12
          },
          {
            "amount": 0,
            "modifier": "percentage",
            "reps": 12
          },
          {
            "amount": 0,
            "modifier": "percentage",
            "reps": 12
          }
        ]
      },
      {
        "name": "Tuck Jump",
        "id": 325,
        "five_rep_max": 0,
        "sets": [
          {
            "amount": 0,
            "modifier": "percentage",
            "reps": 9
          }
        ]
      }
    ],
    "exercises": [
      282,
      289,
      293,
      325
    ]
  }
},
{
  "model": "workout.workout",
  "pk": 170,
  "fields": {
    "user": [
      "default"
    ],
    "name": "Functional Fitness",
    "config": [
      {
        "name": "Treadmill Running",
        "id": 304,
        "five_rep_max": 0,
        "sets": [
          {
            "amount": 0,
            "modifier": "percentage",
            "reps": 14
          },
          {
            "amount": 0,
            "modifier": "percentage",
            "reps": 14
          },
          {
            "amount": 0,
            "modifier": "percentage",
            "reps": 14
          }
        ]
      },
      {
        "name": "Nordic Hamstring Curl",
        "id": 333,
        "five_rep_max": 0,
        "sets": [
          {
            "amount": 0,
            "modifier": "percentage",
            "reps": 15
          },
          {
            "amount": 0,
            "modifier": "percentage",
            "reps": 15
          },
          {
            "amount": 0,
            "modifier": "percentage",
            "reps": 15
          },
          {
            "amount": 0,
            "modifier": "percentage",
            "reps": 15
          }
        ]
      },
      {
        "name": "Hip Thrust",
        "id": 313,
        "five_rep_max": 0,
        "sets": [
          {
            "amount": 0,
            "modifier": "percentage",
            "reps": 14
          },
          {
            "amount": 0,
            "modifier": "percentage",
            "reps": 14
          },
          {
            "amount": 0,
            "modifier": "percentage",
            "reps": 14
          }
        ]
      },
      {
        "name": "Lunge",
        "id": 295,
        "five_rep_max": 0,
        "sets": [
          {
            "amount": 0,
            "modifier": "percentage",
            "reps": 8
          },
          {
            "amount": 0,
            "modifier": "percentage",
            "reps": 8
          },
          {
            "amount": 0,
            "modifier": "percentage",
            "reps": 8
          },
          {
            "amount": 0,
            "modifier": "percentage",
            "reps": 8
          }
        ]
      },
      {
        "name": "Jump Rope",
        "id": 303,
        "five_rep_max": 0,
        "sets": [
          {
            "amount": 0,
            "modifier": "percentage",
            "reps": 15
          }
        ]
      }
    ],
    "exercises": [
      295,
      303,
      304,
      313,
      333
    ]
  }
},
{
  "model": "workout.workout",
  "pk": 171,
  "fields": {
    "user": [
      "default"
    ],
    "name": "Spring Into Fitness",
    "config": [
      {
        "name": "Leg Extension",
        "id": 288,
        "five_rep_max": 0,
        "sets": [
          {
            "amount": 0,
            "modifier": "percentage",
            "reps": 10
          },
          {
            "amount": 0,
            "modifier": "percentage",
            "reps": 10
          },
          {
            "amount": 0,
            "modifier": "percentage",
            "reps": 10
          },
          {
            "amount": 0,
            "modifier": "percentage",
            "reps": 10
          }
        ]
      },
      {
        "name": "Leg Curl",
        "id": 287,
        "five_rep_max": 0,
        "sets": [
          {
            "amount": 0,
            "modifier": "percentage",
            "reps": 13
          },
          {
            "amount": 0,
            "modifier": "percentage",
            "reps": 13
          },
          {
            "amount": 0,
            "modifier": "percentage",
            "reps": 13
          },
          {
            "amount": 0,
            "modifier": "percentage",
            "reps": 13
          },
          {
            "amount": 0,
            "modifier": "percentage",
            "reps": 13
          }
        ]
      },
      {
        "name": "Plank",
        "id": 294,
        "five_rep_max": 0,
        "sets": [
          {
            "amount": 0,
            "modifier": "percentage",
            "reps": 7
          },
          {
            "amount": 0,
            "modifier": "percentage",
            "reps": 7
          }
        ]
      }
    ],
    "exercises": [
      287,
      288,
      294
    ]
  }
},
{
  "model": "workout.workout",
  "pk": 172,
  "fields": {
    "user": [
      "default"
    ],
    "name": "Power Lifting Session",
    "config": [
      {
        "name": "Sit-Up",
        "id": 292,
        "five_rep_max": 0,
        "sets": [
          {
            "amount": 0,
            "modifier": "percentage",
            "reps": 7
          },
          {
            "amount": 0,
            "modifier": "percentage",
            "reps": 7
          },
          {
            "amount": 0,
            "modifier": "percentage",
            "reps": 7
          },
          {
            "amount": 0,
            "modifier": "percentage",
            "reps": 7
          },
          {
            "amount": 0,
            "modifier": "percentage",
            "reps": 7
          }
        ]
      },
      {
        "name": "Pull-Up",
        "id": 282,
        "five_rep_max": 0,
        "sets": [
          {
            "amount": 0,
            "modifier": "percentage",
            "reps": 14
          },
          {
            "amount": 0,
            "modifier": "percentage",
            "reps": 14
          }
        ]
      },
      {
        "name": "Deadlift",
        "id": 279,
        "five_rep_max": 0,
        "sets": [
          {
            "amount": 0,
            "modifier": "percentage",
            "reps": 13
          },
          {
            "amount": 0,
            "modifier": "percentage",
            "reps": 13
          },
          {
            "amount": 0,
            "modifier": "percentage",
            "reps": 13
          },
          {
            "amount": 0,
            "modifier": "percentage",
            "reps": 13
          },
          {
            "amount": 0,
            "modifier": "percentage",
            "reps": 13
          }
        ]
      },
      {
        "name": "Push-Up",
        "id": 293,
        "five_rep_max": 0,
        "sets": [
          {
            "amount": 0,
            "modifier": "percentage",
            "reps": 6
          },
          {
            "amount": 0,
            "modifier": "percentage",
            "reps": 6
          },
          {
            "amount": 0,
            "modifier": "percentage",
            "reps": 6
          },
          {
            "amount": 0,
            "modifier": "percentage",
            "reps": 6
          }
        ]
      },
      {
        "name": "Shoulder Shrug",
        "id": 290,
        "five_rep_max": 0,
        "sets": [
          {
            "amount": 0,
            "modifier": "percentage",
            "reps": 11
          },
          {
            "amount": 0,
            "modifier": "percentage",
            "reps": 11
          },
          {
            "amount": 0,
            "modifier": "percentage",
            "reps": 11
          },
          {
            "amount": 0,
            "modifier": "percentage",
            "reps": 11
          }
        ]
      }
    ],
    "exercises": [
      279,
      282,
      290,
      292,
      293
    ]
  }
},
{
  "model": "workout.workout",
  "pk": 173,
  "fields": {
    "user": [
      "default"
    ],
    "name": "Sports Specific",
    "config": [
      {
        "name": "Farmer'S Walk",
        "id": 322,
        "five_rep_max": 0,
        "sets": [
          {
            "amount": 0,
            "modifier": "percentage",
            "reps": 7
          },
          {
            "amount": 0,
            "modifier": "percentage",
            "reps": 7
          },
          {
            "amount": 0,
            "modifier": "percentage",
            "reps": 7
          },
          {
            "amount": 0,
            "modifier": "percentage",
            "reps": 7
          },
          {
            "amount": 0,
            "modifier": "percentage",
            "reps": 7
          }
        ]
      },
      {
        "name": "Elliptical Trainer",
        "id": 306,
        "five_rep_max": 0,
        "sets": [
          {
            "amount": 0,
            "modifier": "percentage",
            "reps": 7
          }
        ]
      },
      {
        "name": "Leg Extension",
        "id": 288,
        "five_rep_max": 0,
        "sets": [
          {
            "amount": 0,
            "modifier": "percentage",
            "reps": 12
          },
          {
            "amount": 0,
            "modifier": "percentage",
            "reps": 12
          },
          {
            "amount": 0,
            "modifier": "percentage",
            "reps": 12
          }
        ]
      },
      {
        "name": "Box Jump",
        "id": 297,
        "five_rep_max": 0,
        "sets": [
          {
            "amount": 0,
            "modifier": "percentage",
            "reps": 6
          },
          {
            "amount": 0,
            "modifier": "percentage",
            "reps": 6
          },
          {
            "amount": 0,
            "modifier": "percentage",
            "reps": 6
          },
          {
            "amount": 0,
            "modifier": "percentage",
            "reps": 6
          },
          {
            "amount": 0,
            "modifier": "percentage",
            "reps": 6
          }
        ]
      },
      {
        "name": "Skull Crusher",
        "id": 320,
        "five_rep_max": 0,
        "sets": [
          {
            "amount": 0,
            "modifier": "percentage",
            "reps": 5
          },
          {
            "amount": 0,
            "modifier": "percentage",
            "reps": 5
          },
          {
            "amount": 0,
            "modifier": "percentage",
            "reps": 5
          },
          {
            "amount": 0,
            "modifier": "percentage",
            "reps": 5
          },
          {
            "amount": 0,
            "modifier": "percentage",
            "reps": 5
          }
        ]
      }
    ],
    "exercises": [
      288,
      297,
      306,
      320,
      322
    ]
  }
},
{
  "model": "workout.workout",
  "pk": 174,
  "fields": {
    "user": [
      "default"
    ],
    "name": "Strongman Setup",
    "config": [
      {
        "name": "Pec Deck Machine",
        "id": 315,
        "five_rep_max": 0,
        "sets": [
          {
            "amount": 0,
            "modifier": "percentage",
            "reps": 15
          },
          {
            "amount": 0,
            "modifier": "percentage",
            "reps": 15
          }
        ]
      },
      {
        "name": "Toe Touch",
        "id": 328,
        "five_rep_max": 0,
        "sets": [
          {
            "amount": 0,
            "modifier": "percentage",
            "reps": 11
          },
          {
            "amount": 0,
            "modifier": "percentage",
            "reps": 11
          },
          {
            "amount": 0,
            "modifier": "percentage",
            "reps": 11
          },
          {
            "amount": 0,
            "modifier": "percentage",
            "reps": 11
          }
        ]
      },
      {
        "name": "Push-Up",
        "id": 293,
        "five_rep_max": 0,
        "sets": [
          {
            "amount": 0,
            "modifier": "percentage",
            "reps": 9
          },
          {
            "amount": 0,
            "modifier": "percentage",
            "reps": 9
          }
        ]
      },
      {
        "name": "Barbell Row",
        "id": 281,
        "five_rep_max": 0,
        "sets": [
          {
            "amount": 0,
            "modifier": "percentage",
            "reps": 5
          },
          {
            "amount": 0,
            "modifier": "percentage",
            "reps": 5
          }
        ]
      }
    ],
    "exercises": [
      281,
      293,
      315,
      328
    ]
  }
},
{
  "model": "workout.workout",
  "pk": 175,
  "fields": {
    "user": [
      "default"
    ],
    "name": "Marathon Prep",
    "config": [
      {
        "name": "Deadlift",
        "id": 279,
        "five_rep_max": 0,
        "sets": [
          {
            "amount": 0,
            "modifier": "percentage",
            "reps": 8
          }
        ]
      },
      {
        "name": "Lateral Raise",
        "id": 289,
        "five_rep_max": 0,
        "sets": [
          {
            "amount": 0,
            "modifier": "percentage",
            "reps": 6
          }
        ]
      },
      {
        "name": "Pull-Up",
        "id": 282,
        "five_rep_max": 0,
        "sets": [
          {
            "amount": 0,
            "modifier": "percentage",
            "reps": 6
          },
          {
            "amount": 0,
            "modifier": "percentage",
            "reps": 6
          }
        ]
      }
    ],
    "exercises": [
      279,
      282,
      289
    ]
  }
},
{
  "model": "workout.workout",
  "pk": 176,
  "fields": {
    "user": [
      "default"
    ],
    "name": "Recovery Session",
    "config": [
      {
        "name": "Leg Press",
        "id": 283,
        "five_rep_max": 0,
        "sets": [
          {
            "amount": 0,
            "modifier": "percentage",
            "reps": 14
          },
          {
            "amount": 0,
            "modifier": "percentage",
            "reps": 14
          }
        ]
      },
      {
        "name": "Windshield Wiper",
        "id": 329,
        "five_rep_max": 0,
        "sets": [
          {
            "amount": 0,
            "modifier": "percentage",
            "reps": 5
          },
          {
            "amount": 0,
            "modifier": "percentage",
            "reps": 5
          },
          {
            "amount": 0,
            "modifier": "percentage",
            "reps": 5
          },
          {
            "amount": 0,
            "modifier": "percentage",
            "reps": 5
          },
          {
            "amount": 0,
            "modifier": "percentage",
            "reps": 5
          }
        ]
      },
      {
        "name": "Front Squat",
        "id": 310,
        "five_rep_max": 0,
        "sets": [
          {
            "amount": 0,
            "modifier": "percentage",
            "reps": 11
          },
          {
            "amount": 0,
            "modifier": "percentage",
            "reps": 11
          },
          {
            "amount": 0,
            "modifier": "percentage",
            "reps": 11
          }
        ]
      },
      {
        "name": "Pec Deck Machine",
        "id": 315,
        "five_rep_max": 0,
        "sets": [
          {
            "amount": 0,
            "modifier": "percentage",
            "reps": 13
          },
          {
            "amount": 0,
            "modifier": "percentage",
            "reps": 13
          },
          {
            "amount": 0,
            "modifier": "percentage",
            "reps": 13
          },
          {
            "amount": 0,
            "modifier": "percentage",
            "reps": 13
          }
        ]
      }
    ],
    "exercises": [
      283,
      310,
      315,
      329
    ]
  }
},
{
  "model": "workout.workout",
  "pk": 177,
  "fields": {
    "user": [
      "default"
    ],
    "name": "Aerobic Fitness",
    "config": [
      {
        "name": "Burpee",
        "id": 296,
        "five_rep_max": 0,
        "sets": [
          {
            "amount": 0,
            "modifier": "percentage",
            "reps": 8
          },
          {
            "amount": 0,
            "modifier": "percentage",
            "reps": 8
          },
          {
            "amount": 0,
            "modifier": "percentage",
            "reps": 8
          },
          {
            "amount": 0,
            "modifier": "percentage",
            "reps": 8
          }
        ]
      },
      {
        "name": "Bear Crawl",
        "id": 326,
        "five_rep_max": 0,
        "sets": [
          {
            "amount": 0,
            "modifier": "percentage",
            "reps": 13
          },
          {
            "amount": 0,
            "modifier": "percentage",
            "reps": 13
          }
        ]
      },
      {
        "name": "Superman Exercise",
        "id": 330,
        "five_rep_max": 0,
        "sets": [
          {
            "amount": 0,
            "modifier": "percentage",
            "reps": 12
          },
          {
            "amount": 0,
            "modifier": "percentage",
            "reps": 12
          }
        ]
      },
      {
        "name": "Elliptical Trainer",
        "id": 306,
        "five_rep_max": 0,
        "sets": [
          {
            "amount": 0,
            "modifier": "percentage",
            "reps": 8
          }
        ]
      },
      {
        "name": "Power Clean",
        "id": 308,
        "five_rep_max": 0,
        "sets": [
          {
            "amount": 0,
            "modifier": "percentage",
            "reps": 15
          },
          {
            "amount": 0,
            "modifier": "percentage",
            "reps": 15
          },
          {
            "amount": 0,
            "modifier": "percentage",
            "reps": 15
          }
        ]
      }
    ],
    "exercises": [
      296,
      306,
      308,
      326,
      330
    ]
  }
},
{
  "model": "workout.workout",
  "pk": 178,
  "fields": {
    "user": [
      "default"
    ],
    "name": "Autumn Activation",
    "config": [
      {
        "name": "Dumbbell Row",
        "id": 291,
        "five_rep_max": 0,
        "sets": [
          {
            "amount": 0,
            "modifier": "percentage",
            "reps": 8
          },
          {
            "amount": 0,
            "modifier": "percentage",
            "reps": 8
          },
          {
            "amount": 0,
            "modifier": "percentage",
            "reps": 8
          },
          {
            "amount": 0,
            "modifier": "percentage",
            "reps": 8
          },
          {
            "amount": 0,
            "modifier": "percentage",
            "reps": 8
          }
        ]
      },
      {
        "name": "Sit-Up",
        "id": 292,
        "five_rep_max": 0,
        "sets": [
          {
            "amount": 0,
            "modifier": "percentage",
            "reps": 6
          },
          {
            "amount": 0,
            "modifier": "percentage",
            "reps": 6
          },
          {
            "amount": 0,
            "modifier": "percentage",
            "reps": 6
          },
          {
            "amount": 0,
            "modifier": "percentage",
            "reps": 6
          }
        ]
      },
      {
        "name": "Pistol Squat",
        "id": 332,
        "five_rep_max": 0,
        "sets": [
          {
            "amount": 0,
            "modifier": "percentage",
            "reps": 15
          },
          {
            "amount": 0,
            "modifier": "percentage",
            "reps": 15
          },
          {
            "amount": 0,
            "modifier": "percentage",
            "reps": 15
          }
        ]
      }
    ],
    "exercises": [
      291,
      292,
      332
    ]
  }
},
{
  "model": "workout.workout",
  "pk": 179,
  "fields": {
    "user": [
      "default"
    ],
    "name": "Crossfit Challenge",
    "config": [
      {
        "name": "Turkish Get-Up",
        "id": 321,
        "five_rep_max": 0,
        "sets": [
          {
            "amount": 0,
            "modifier": "percentage",
            "reps": 14
          }
        ]
      },
      {
        "name": "Face Pull",
        "id": 318,
        "five_rep_max": 0,
        "sets": [
          {
            "amount": 0,
            "modifier": "percentage",
            "reps": 14
          }
        ]
      },
      {
        "name": "Power Clean",
        "id": 308,
        "five_rep_max": 0,
        "sets": [
          {
            "amount": 0,
            "modifier": "percentage",
            "reps": 14
          },
          {
            "amount": 0,
            "modifier": "percentage",
            "reps": 14
          },
          {
            "amount": 0,
            "modifier": "percentage",
            "reps": 14
          },
          {
            "amount": 0,
            "modifier": "percentage",
            "reps": 14
          },
          {
            "amount": 0,
            "modifier": "percentage",
            "reps": 14
          }
        ]
      },
      {
        "name": "Mountain Climber",
        "id": 300,
        "five_rep_max": 0,
        "sets": [
          {
            "amount": 0,
            "modifier": "percentage",
            "reps": 11
          }
        ]
      },
      {
        "name": "Toe Touch",
        "id": 328,
        "five_rep_max": 0,
        "sets": [
          {
            "amount": 0,
            "modifier": "percentage",
            "reps": 14
          },
          {
            "amount": 0,
            "modifier": "percentage",
            "reps": 14
          },
          {
            "amount": 0,
            "modifier": "percentage",
            "reps": 14
          },
          {
            "amount": 0,
            "modifier": "percentage",
            "reps": 14
          },
          {
            "amount": 0,
            "modifier": "percentage",
            "reps": 14
          }
        ]
      }
    ],
    "exercises": [
      300,
      308,
      318,
      321,
      328
    ]
  }
},
{
  "model": "workout.workout",
  "pk": 180,
  "fields": {
    "user": [
      "default"
    ],
    "name": "Body Sculpting",
    "config": [
      {
        "name": "Jump Rope",
        "id": 303,
        "five_rep_max": 0,
        "sets": [
          {
            "amount": 0,
            "modifier": "percentage",
            "reps": 12
          },
          {
            "amount": 0,
            "modifier": "percentage",
            "reps": 12
          },
          {
            "amount": 0,
            "modifier": "percentage",
            "reps": 12
          },
          {
            "amount": 0,
            "modifier": "percentage",
            "reps": 12
          }
        ]
      },
      {
        "name": "Dragon Flag",
        "id": 331,
        "five_rep_max": 0,
        "sets": [
          {
            "amount": 0,
            "modifier": "percentage",
            "reps": 9
          },
          {
            "amount": 0,
            "modifier": "percentage",
            "reps": 9
          },
          {
            "amount": 0,
            "modifier": "percentage",
            "reps": 9
          },
          {
            "amount": 0,
            "modifier": "percentage",
            "reps": 9
          },
          {
            "amount": 0,
            "modifier": "percentage",
            "reps": 9
          }
        ]
      },
      {
        "name": "Power Clean",
        "id": 308,
        "five_rep_max": 0,
        "sets": [
          {
            "amount": 0,
            "modifier": "percentage",
            "reps": 10
          }
        ]
      },
      {
        "name": "Leg Press",
        "id": 283,
        "five_rep_max": 0,
        "sets": [
          {
            "amount": 0,
            "modifier": "percentage",
            "reps": 9
          },
          {
            "amount": 0,
            "modifier": "percentage",
            "reps": 9
          },
          {
            "amount": 0,
            "modifier": "percentage",
            "reps": 9
          }
        ]
      }
    ],
    "exercises": [
      283,
      303,
      308,
      331
    ]
  }
},
{
  "model": "workout.workout",
  "pk": 181,
  "fields": {
    "user": [
      "default"
    ],
    "name": "Starting Strength - A",
    "config": [
      {
        "name": "Back Squat",
        "id": "311",
        "five_rep_max": 0,
        "sets": [
          {
            "amount": 0,
            "modifier": "exact",
            "reps": 5
          },
          {
            "amount": 0,
            "modifier": "exact",
            "reps": 5
          },
          {
            "amount": 0,
            "modifier": "exact",
            "reps": 5
          }
        ],
        "default_weight": "0",
        "default_reps": "8"
      },
      {
        "name": "Bench Press",
        "id": "278",
        "five_rep_max": 0,
        "sets": [
          {
            "amount": 0,
            "modifier": "exact",
            "reps": 5
          },
          {
            "amount": 0,
            "modifier": "exact",
            "reps": 5
          },
          {
            "amount": 0,
            "modifier": "exact",
            "reps": 5
          }
        ],
        "default_weight": "0",
        "default_reps": "8"
      },
      {
        "name": "Deadlift",
        "id": "279",
        "five_rep_max": 0,
        "sets": [
          {
            "amount": 0,
            "modifier": "exact",
            "reps": 5
          }
        ],
        "default_weight": "0",
        "default_reps": "8"
      }
    ],
    "exercises": [
      278,
      279,
      311
    ]
  }
},
{
  "model": "workout.workout",
  "pk": 182,
  "fields": {
    "user": [
      "default"
    ],
    "name": "Starting Strength - B",
    "config": [
      {
        "name": "Back Squat",
        "id": "311",
        "five_rep_max": 0,
        "sets": [
          {
            "amount": 0,
            "modifier": "exact",
            "reps": 5
          },
          {
            "amount": 0,
            "modifier": "exact",
            "reps": 5
          },
          {
            "amount": 0,
            "modifier": "exact",
            "reps": 5
          }
        ],
        "default_weight": "0",
        "default_reps": "8"
      },
      {
        "name": "Overhead Press",
        "id": "280",
        "five_rep_max": 0,
        "sets": [
          {
            "amount": 0,
            "modifier": "exact",
            "reps": 5
          },
          {
            "amount": 0,
            "modifier": "exact",
            "reps": 5
          },
          {
            "amount": 0,
            "modifier": "exact",
            "reps": 5
          }
        ],
        "default_weight": "0",
        "default_reps": "8"
      },
      {
        "name": "Deadlift",
        "id": "279",
        "five_rep_max": 0,
        "sets": [
          {
            "amount": 0,
            "modifier": "exact",
            "reps": 5
          }
        ],
        "default_weight": "0",
        "default_reps": "8"
      }
    ],
    "exercises": [
      279,
      280,
      311
    ]
  }
},
{
  "model": "workout.workout",
  "pk": 183,
  "fields": {
    "user": [
      "default"
    ],
    "name": "Rest Day",
    "config": {},
    "exercises": []
  }
},
{
  "model": "workout.workout",
  "pk": 184,
  "fields": {
    "user": [
      "default"
    ],
    "name": "Winter Warrior",
    "config": [
      {
        "name": "Face Pull",
        "id": "318",
        "five_rep_max": 0,
        "sets": [
          {
            "amount": 0,
            "modifier": "exact",
            "reps": 8
          }
        ],
        "default_weight": "0",
        "default_reps": "8"
      },
      {
        "name": "Power Clean",
        "id": "308",
        "five_rep_max": 0,
        "sets": [
          {
            "amount": 0,
            "modifier": "exact",
            "reps": 8
          }
        ],
        "default_weight": "0",
        "default_reps": "8"
      },
      {
        "name": "Sumo Deadlift",
        "id": "312",
        "five_rep_max": 0,
        "sets": [
          {
            "amount": 0,
            "modifier": "exact",
            "reps": 8
          }
        ],
        "default_weight": "0",
        "default_reps": "8"
      },
      {
        "name": "Plank",
        "id": "294",
        "five_rep_max": 0,
        "sets": [
          {
            "amount": 0,
            "modifier": "exact",
            "reps": 8
          }
        ],
        "default_weight": "0",
        "default_reps": "8"
      }
    ],
    "exercises": [
      294,
      308,
      312,
      318
    ]
  }
},
{
  "model": "workout.exercise",
  "pk": 277,
  "fields": {
    "user": [
      "default"
    ],
    "name": "Squat",
    "five_rep_max": 0.0,
    "default_weight": 0.0,
    "default_reps": 8,
    "default_modifier": "percentage"
  }
},
{
  "model": "workout.exercise",
  "pk": 278,
  "fields": {
    "user": [
      "default"
    ],
    "name": "Bench Press",
    "five_rep_max": 0.0,
    "default_weight": 0.0,
    "default_reps": 8,
    "default_modifier": "percentage"
  }
},
{
  "model": "workout.exercise",
  "pk": 279,
  "fields": {
    "user": [
      "default"
    ],
    "name": "Deadlift",
    "five_rep_max": 0.0,
    "default_weight": 0.0,
    "default_reps": 8,
    "default_modifier": "percentage"
  }
},
{
  "model": "workout.exercise",
  "pk": 280,
  "fields": {
    "user": [
      "default"
    ],
    "name": "Overhead Press",
    "five_rep_max": 0.0,
    "default_weight": 0.0,
    "default_reps": 8,
    "default_modifier": "percentage"
  }
},
{
  "model": "workout.exercise",
  "pk": 281,
  "fields": {
    "user": [
      "default"
    ],
    "name": "Barbell Row",
    "five_rep_max": 0.0,
    "default_weight": 0.0,
    "default_reps": 8,
    "default_modifier": "percentage"
  }
},
{
  "model": "workout.exercise",
  "pk": 282,
  "fields": {
    "user": [
      "default"
    ],
    "name": "Pull-Up",
    "five_rep_max": 0.0,
    "default_weight": 0.0,
    "default_reps": 8,
    "default_modifier": "percentage"
  }
},
{
  "model": "workout.exercise",
  "pk": 283,
  "fields": {
    "user": [
      "default"
    ],
    "name": "Leg Press",
    "five_rep_max": 0.0,
    "default_weight": 0.0,
    "default_reps": 8,
    "default_modifier": "percentage"
  }
},
{
  "model": "workout.exercise",
  "pk": 284,
  "fields": {
    "user": [
      "default"
    ],
    "name": "Bicep Curl",
    "five_rep_max": 0.0,
    "default_weight": 0.0,
    "default_reps": 8,
    "default_modifier": "percentage"
  }
},
{
  "model": "workout.exercise",
  "pk": 285,
  "fields": {
    "user": [
      "default"
    ],
    "name": "Tricep Extension",
    "five_rep_max": 0.0,
    "default_weight": 0.0,
    "default_reps": 8,
    "default_modifier": "percentage"
  }
},
{
  "model": "workout.exercise",
  "pk": 286,
  "fields": {
    "user": [
      "default"
    ],
    "name": "Chest Fly",
    "five_rep_max": 0.0,
    "default_weight": 0.0,
    "default_reps": 8,
    "default_modifier": "percentage"
  }
},
{
  "model": "workout.exercise",
  "pk": 287,
  "fields": {
    "user": [
      "default"
    ],
    "name": "Leg Curl",
    "five_rep_max": 0.0,
    "default_weight": 0.0,
    "default_reps": 8,
    "default_modifier": "percentage"
  }
},
{
  "model": "workout.exercise",
  "pk": 288,
  "fields": {
    "user": [
      "default"
    ],
    "name": "Leg Extension",
    "five_rep_max": 0.0,
    "default_weight": 0.0,
    "default_reps": 8,
    "default_modifier": "percentage"
  }
},
{
  "model": "workout.exercise",
  "pk": 289,
  "fields": {
    "user": [
      "default"
    ],
    "name": "Lateral Raise",
    "five_rep_max": 0.0,
    "default_weight": 0.0,
    "default_reps": 8,
    "default_modifier": "percentage"
  }
},
{
  "model": "workout.exercise",
  "pk": 290,
  "fields": {
    "user": [
      "default"
    ],
    "name": "Shoulder Shrug",
    "five_rep_max": 0.0,
    "default_weight": 0.0,
    "default_reps": 8,
    "default_modifier": "percentage"
  }
},
{
  "model": "workout.exercise",
  "pk": 291,
  "fields": {
    "user": [
      "default"
    ],
    "name": "Dumbbell Row",
    "five_rep_max": 0.0,
    "default_weight": 0.0,
    "default_reps": 8,
    "default_modifier": "percentage"
  }
},
{
  "model": "workout.exercise",
  "pk": 292,
  "fields": {
    "user": [
      "default"
    ],
    "name": "Sit-Up",
    "five_rep_max": 0.0,
    "default_weight": 0.0,
    "default_reps": 8,
    "default_modifier": "percentage"
  }
},
{
  "model": "workout.exercise",
  "pk": 293,
  "fields": {
    "user": [
      "default"
    ],
    "name": "Push-Up",
    "five_rep_max": 0.0,
    "default_weight": 0.0,
    "default_reps": 8,
    "default_modifier": "percentage"
  }
},
{
  "model": "workout.exercise",
  "pk": 294,
  "fields": {
    "user": [
      "default"
    ],
    "name": "Plank",
    "five_rep_max": 0.0,
    "default_weight": 0.0,
    "default_reps": 8,
    "default_modifier": "percentage"
  }
},
{
  "model": "workout.exercise",
  "pk": 295,
  "fields": {
    "user": [
      "default"
    ],
    "name": "Lunge",
    "five_rep_max": 0.0,
    "default_weight": 0.0,
    "default_reps": 8,
    "default_modifier": "percentage"
  }
},
{
  "model": "workout.exercise",
  "pk": 296,
  "fields": {
    "user": [
      "default"
    ],
    "name": "Burpee",
    "five_rep_max": 0.0,
    "default_weight": 0.0,
    "default_reps": 8,
    "default_modifier": "percentage"
  }
},
{
  "model": "workout.exercise",
  "pk": 297,
  "fields": {
    "user": [
      "default"
    ],
    "name": "Box Jump",
    "five_rep_max": 0.0,
    "default_weight": 0.0,
    "default_reps": 8,
    "default_modifier": "percentage"
  }
},
{
  "model": "workout.exercise",
  "pk": 298,
  "fields": {
    "user": [
      "default"
    ],
    "name": "Bicycle Crunch",
    "five_rep_max": 0.0,
    "default_weight": 0.0,
    "default_reps": 8,
    "default_modifier": "percentage"
  }
},
{
  "model": "workout.exercise",
  "pk": 299,
  "fields": {
    "user": [
      "default"
    ],
    "name": "Russian Twist",
    "five_rep_max": 0.0,
    "default_weight": 0.0,
    "default_reps": 8,
    "default_modifier": "percentage"
  }
},
{
  "model": "workout.exercise",
  "pk": 300,
  "fields": {
    "user": [
      "default"
    ],
    "name": "Mountain Climber",
    "five_rep_max": 0.0,
    "default_weight": 0.0,
    "default_reps": 8,
    "default_modifier": "percentage"
  }
},
{
  "model": "workout.exercise",
  "pk": 301,
  "fields": {
    "user": [
      "default"
    ],
    "name": "Kettlebell Swing",
    "five_rep_max": 0.0,
    "default_weight": 0.0,
    "default_reps": 8,
    "default_modifier": "percentage"
  }
},
{
  "model": "workout.exercise",
  "pk": 302,
  "fields": {
    "user": [
      "default"
    ],
    "name": "Wall Sit",
    "five_rep_max": 0.0,
    "default_weight": 0.0,
    "default_reps": 8,
    "default_modifier": "percentage"
  }
},
{
  "model": "workout.exercise",
  "pk": 303,
  "fields": {
    "user": [
      "default"
    ],
    "name": "Jump Rope",
    "five_rep_max": 0.0,
    "default_weight": 0.0,
    "default_reps": 8,
    "default_modifier": "percentage"
  }
},
{
  "model": "workout.exercise",
  "pk": 304,
  "fields": {
    "user": [
      "default"
    ],
    "name": "Treadmill Running",
    "five_rep_max": 0.0,
    "default_weight": 0.0,
    "default_reps": 8,
    "default_modifier": "percentage"
  }
},
{
  "model": "workout.exercise",
  "pk": 305,
  "fields": {
    "user": [
      "default"
    ],
    "name": "Stationary Biking",
    "five_rep_max": 0.0,
    "default_weight": 0.0,
    "default_reps": 8,
    "default_modifier": "percentage"
  }
},
{
  "model": "workout.exercise",
  "pk": 306,
  "fields": {
    "user": [
      "default"
    ],
    "name": "Elliptical Trainer",
    "five_rep_max": 0.0,
    "default_weight": 0.0,
    "default_reps": 8,
    "default_modifier": "percentage"
  }
},
{
  "model": "workout.exercise",
  "pk": 307,
  "fields": {
    "user": [
      "default"
    ],
    "name": "Stair Climbing",
    "five_rep_max": 0.0,
    "default_weight": 0.0,
    "default_reps": 8,
    "default_modifier": "percentage"
  }
},
{
  "model": "workout.exercise",
  "pk": 308,
  "fields": {
    "user": [
      "default"
    ],
    "name": "Power Clean",
    "five_rep_max": 0.0,
    "default_weight": 0.0,
    "default_reps": 8,
    "default_modifier": "percentage"
  }
},
{
  "model": "workout.exercise",
  "pk": 309,
  "fields": {
    "user": [
      "default"
    ],
    "name": "Hang Clean",
    "five_rep_max": 0.0,
    "default_weight": 0.0,
    "default_reps": 8,
    "default_modifier": "percentage"
  }
},
{
  "model": "workout.exercise",
  "pk": 310,
  "fields": {
    "user": [
      "default"
    ],
    "name": "Front Squat",
    "five_rep_max": 0.0,
    "default_weight": 0.0,
    "default_reps": 8,
    "default_modifier": "percentage"
  }
},
{
  "model": "workout.exercise",
  "pk": 311,
  "fields": {
    "user": [
      "default"
    ],
    "name": "Back Squat",
    "five_rep_max": 0.0,
    "default_weight": 0.0,
    "default_reps": 8,
    "default_modifier": "percentage"
  }
},
{
  "model": "workout.exercise",
  "pk": 312,
  "fields": {
    "user": [
      "default"
    ],
    "name": "Sumo Deadlift",
    "five_rep_max": 0.0,
    "default_weight": 0.0,
    "default_reps": 8,
    "default_modifier": "percentage"
  }
},
{
  "model": "workout.exercise",
  "pk": 313,
  "fields": {
    "user": [
      "default"
    ],
    "name": "Hip Thrust",
    "five_rep_max": 0.0,
    "default_weight": 0.0,
    "default_reps": 8,
    "default_modifier": "percentage"
  }
},
{
  "model": "workout.exercise",
  "pk": 314,
  "fields": {
    "user": [
      "default"
    ],
    "name": "Calf Raise",
    "five_rep_max": 0.0,
    "default_weight": 0.0,
    "default_reps": 8,
    "default_modifier": "percentage"
  }
},
{
  "model": "workout.exercise",
  "pk": 315,
  "fields": {
    "user": [
      "default"
    ],
    "name": "Pec Deck Machine",
    "five_rep_max": 0.0,
    "default_weight": 0.0,
    "default_reps": 8,
    "default_modifier": "percentage"
  }
},
{
  "model": "workout.exercise",
  "pk": 316,
  "fields": {
    "user": [
      "default"
    ],
    "name": "Lat Pulldown",
    "five_rep_max": 0.0,
    "default_weight": 0.0,
    "default_reps": 8,
    "default_modifier": "percentage"
  }
},
{
  "model": "workout.exercise",
  "pk": 317,
  "fields": {
    "user": [
      "default"
    ],
    "name": "Seated Row",
    "five_rep_max": 0.0,
    "default_weight": 0.0,
    "default_reps": 8,
    "default_modifier": "percentage"
  }
},
{
  "model": "workout.exercise",
  "pk": 318,
  "fields": {
    "user": [
      "default"
    ],
    "name": "Face Pull",
    "five_rep_max": 0.0,
    "default_weight": 0.0,
    "default_reps": 8,
    "default_modifier": "percentage"
  }
},
{
  "model": "workout.exercise",
  "pk": 319,
  "fields": {
    "user": [
      "default"
    ],
    "name": "Hammer Curl",
    "five_rep_max": 0.0,
    "default_weight": 0.0,
    "default_reps": 8,
    "default_modifier": "percentage"
  }
},
{
  "model": "workout.exercise",
  "pk": 320,
  "fields": {
    "user": [
      "default"
    ],
    "name": "Skull Crusher",
    "five_rep_max": 0.0,
    "default_weight": 0.0,
    "default_reps": 8,
    "default_modifier": "percentage"
  }
},
{
  "model": "workout.exercise",
  "pk": 321,
  "fields": {
    "user": [
      "default"
    ],
    "name": "Turkish Get-Up",
    "five_rep_max": 0.0,
    "default_weight": 0.0,
    "default_reps": 8,
    "default_modifier": "percentage"
  }
},
{
  "model": "workout.exercise",
  "pk": 322,
  "fields": {
    "user": [
      "default"
    ],
    "name": "Farmer'S Walk",
    "five_rep_max": 0.0,
    "default_weight": 0.0,
    "default_reps": 8,
    "default_modifier": "percentage"
  }
},
{
  "model": "workout.exercise",
  "pk": 323,
  "fields": {
    "user": [
      "default"
    ],
    "name": "Deadlift High Pull",
    "five_rep_max": 0.0,
    "default_weight": 0.0,
    "default_reps": 8,
    "default_modifier": "percentage"
  }
},
{
  "model": "workout.exercise",
  "pk": 324,
  "fields": {
    "user": [
      "default"
    ],
    "name": "High Knees",
    "five_rep_max": 0.0,
    "default_weight": 0.0,
    "default_reps": 8,
    "default_modifier": "percentage"
  }
},
{
  "model": "workout.exercise",
  "pk": 325,
  "fields": {
    "user": [
      "default"
    ],
    "name": "Tuck Jump",
    "five_rep_max": 0.0,
    "default_weight": 0.0,
    "default_reps": 8,
    "default_modifier": "percentage"
  }
},
{
  "model": "workout.exercise",
  "pk": 326,
  "fields": {
    "user": [
      "default"
    ],
    "name": "Bear Crawl",
    "five_rep_max": 0.0,
    "default_weight": 0.0,
    "default_reps": 8,
    "default_modifier": "percentage"
  }
},
{
  "model": "workout.exercise",
  "pk": 327,
  "fields": {
    "user": [
      "default"
    ],
    "name": "V-Up",
    "five_rep_max": 0.0,
    "default_weight": 0.0,
    "default_reps": 8,
    "default_modifier": "percentage"
  }
},
{
  "model": "workout.exercise",
  "pk": 328,
  "fields": {
    "user": [
      "default"
    ],
    "name": "Toe Touch",
    "five_rep_max": 0.0,
    "default_weight": 0.0,
    "default_reps": 8,
    "default_modifier": "percentage"
  }
},
{
  "model": "workout.exercise",
  "pk": 329,
  "fields": {
    "user": [
      "default"
    ],
    "name": "Windshield Wiper",
    "five_rep_max": 0.0,
    "default_weight": 0.0,
    "default_reps": 8,
    "default_modifier": "percentage"
  }
},
{
  "model": "workout.exercise",
  "pk": 330,
  "fields": {
    "user": [
      "default"
    ],
    "name": "Superman Exercise",
    "five_rep_max": 0.0,
    "default_weight": 0.0,
    "default_reps": 8,
    "default_modifier": "percentage"
  }
},
{
  "model": "workout.exercise",
  "pk": 331,
  "fields": {
    "user": [
      "default"
    ],
    "name": "Dragon Flag",
    "five_rep_max": 0.0,
    "default_weight": 0.0,
    "default_reps": 8,
    "default_modifier": "percentage"
  }
},
{
  "model": "workout.exercise",
  "pk": 332,
  "fields": {
    "user": [
      "default"
    ],
    "name": "Pistol Squat",
    "five_rep_max": 0.0,
    "default_weight": 0.0,
    "default_reps": 8,
    "default_modifier": "percentage"
  }
},
{
  "model": "workout.exercise",
  "pk": 333,
  "fields": {
    "user": [
      "default"
    ],
    "name": "Nordic Hamstring Curl",
    "five_rep_max": 0.0,
    "default_weight": 0.0,
    "default_reps": 8,
    "default_modifier": "percentage"
  }
},
{
  "model": "log.weightlog",
  "pk": 1,
  "fields": {
    "user": [
      "default"
    ],
    "body_weight": 160.0,
    "body_fat": 20.0,
    "date": "2024-04-16"
  }
},
{
  "model": "log.cardiolog",
  "pk": 1,
  "fields": {
    "user": [
      "default"
    ],
    "datetime": "2024-04-20T09:00:36.946Z",
    "duration": "00:30:00",
    "distance": 5.0
  }
},
{
  "model": "log.cardiolog",
  "pk": 2,
  "fields": {
    "user": [
      "default"
    ],
    "datetime": "2024-04-18T09:00:36.946Z",
    "duration": "00:30:00",
    "distance": 3.0
  }
},
{
  "model": "log.cardiolog",
  "pk": 3,
  "fields": {
    "user": [
      "default"
    ],
    "datetime": "2024-04-15T09:00:36.946Z",
    "duration": "00:30:00",
    "distance": 3.0
  }
},
{
  "model": "log.cardiolog",
  "pk": 4,
  "fields": {
    "user": [
      "default"
    ],
    "datetime": "2024-04-13T09:00:36.946Z",
    "duration": "00:30:00",
    "distance": 3.0
  }
},
{
  "model": "log.cardiolog",
  "pk": 5,
  "fields": {
    "user": [
      "default"
    ],
    "datetime": "2024-04-09T09:00:36.946Z",
    "duration": "00:30:00",
    "distance": 3.0
  }
},
{
  "model": "log.cardiolog",
  "pk": 6,
  "fields": {
    "user": [
      "default"
    ],
    "datetime": "2024-04-16T21:50:46.926Z",
    "duration": "01:30:00",
    "distance": 14.0
  }
},
{
  "model": "log.cardiolog",
  "pk": 7,
  "fields": {
    "user": [
      "snorini"
    ],
    "datetime": "2024-04-21T01:14:42.506Z",
    "duration": "00:30:00",
    "distance": 3.0
  }
},
{
  "model": "log.cardiolog",
  "pk": 8,
  "fields": {
    "user": [
      "snorini"
    ],
    "datetime": "2024-04-19T01:14:42.506Z",
    "duration": "00:30:00",
    "distance": 3.0
  }
},
{
  "model": "log.cardiolog",
  "pk": 9,
  "fields": {
    "user": [
      "snorini"
    ],
    "datetime": "2024-04-15T01:14:42.506Z",
    "duration": "00:30:00",
    "distance": 3.0
  }
},
{
  "model": "log.cardiolog",
  "pk": 10,
  "fields": {
    "user": [
      "snorini"
    ],
    "datetime": "2024-04-12T01:14:42.506Z",
    "duration": "00:30:00",
    "distance": 3.0
  }
},
{
  "model": "log.cardiolog",
  "pk": 11,
  "fields": {
    "user": [
      "snorini"
    ],
    "datetime": "2024-04-07T01:14:42.506Z",
    "duration": "00:30:00",
    "distance": 3.0
  }
},
{
  "model": "log.cardiolog",
  "pk": 12,
  "fields": {
    "user": [
      "snorini"
    ],
    "datetime": "2024-04-02T01:14:42.506Z",
    "duration": "00:30:00",
    "distance": 3.0
  }
},
{
  "model": "log.cardiolog",
  "pk": 13,
  "fields": {
    "user": [
      "snorini"
    ],
    "datetime": "2024-03-27T01:14:42.506Z",
    "duration": "00:30:00",
    "distance": 3.0
  }
},
{
  "model": "log.cardiolog",
  "pk": 14,
  "fields": {
    "user": [
      "snorini"
    ],
    "datetime": "2024-03-21T01:14:42.506Z",
    "duration": "00:30:00",
    "distance": 3.0
  }
},
{
  "model": "log.cardiolog",
  "pk": 15,
  "fields": {
    "user": [
      "snorini"
    ],
    "datetime": "2024-03-16T01:14:42.506Z",
    "duration": "00:30:00",
    "distance": 3.0
  }
},
{
  "model": "log.cardiolog",
  "pk": 16,
  "fields": {
    "user": [
      "snorini"
    ],
    "datetime": "2024-03-11T01:14:42.506Z",
    "duration": "00:30:00",
    "distance": 3.0
  }
},
{
  "model": "log.cardiolog",
  "pk": 17,
  "fields": {
    "user": [
      "snorini"
    ],
    "datetime": "2024-03-05T02:14:42.506Z",
    "duration": "00:30:00",
    "distance": 3.0
  }
},
{
  "model": "log.cardiolog",
  "pk": 18,
  "fields": {
    "user": [
      "snorini"
    ],
    "datetime": "2024-02-28T02:14:42.506Z",
    "duration": "00:30:00",
    "distance": 3.0
  }
},
{
  "model": "log.cardiolog",
  "pk": 19,
  "fields": {
    "user": [
      "snorini"
    ],
    "datetime": "2024-02-23T02:14:42.506Z",
    "duration": "00:30:00",
    "distance": 3.0
  }
},
{
  "model": "log.cardiolog",
  "pk": 20,
  "fields": {
    "user": [
      "snorini"
    ],
    "datetime": "2024-02-20T02:14:42.506Z",
    "duration": "00:30:00",
    "distance": 3.0
  }
},
{
  "model": "log.cardiolog",
  "pk": 21,
  "fields": {
    "user": [
      "snorini"
    ],
    "datetime": "2024-02-17T02:14:42.506Z",
    "duration": "00:30:00",
    "distance": 3.0
  }
},
{
  "model": "log.cardiolog",
  "pk": 22,
  "fields": {
    "user": [
      "snorini"
    ],
    "datetime": "2024-02-11T02:14:42.506Z",
    "duration": "00:30:00",
    "distance": 3.0
  }
},
{
  "model": "log.cardiolog",
  "pk": 23,
  "fields": {
    "user": [
      "snorini"
    ],
    "datetime": "2024-04-22T01:00:00.993Z",
    "duration": "00:30:00",
    "distance": 4.0
  }
},
{
  "model": "log.cardiolog",
  "pk": 24,
  "fields": {
    "user": [
      "snorini"
    ],
    "datetime": "2024-04-26T20:30:07Z",
    "duration": "00:30:00",
    "distance": 3.0
  }
},
{
  "model": "log.workoutlog",
  "pk": 1,
  "fields": {
    "workout": 184,
    "user": [
      "default"
    ],
    "date": "2024-04-16",
    "total_time": "00:00:00"
  }
},
{
  "model": "users.usersettings",
  "pk": 1,
  "fields": {
    "user": [
      "admin"
    ],
    "system_of_measurement": "Imperial",
    "gender": "M",
    "height": 70.0,
    "body_weight": 160.0,
    "body_fat": 20.0,
    "age": 30,
    "modules": [
      "workout",
      "cardio",
      "nutrition",
      "log",
      "stats",
      "settings"
    ]
  }
},
{
  "model": "users.usersettings",
  "pk": 2,
  "fields": {
    "user": [
      "default"
    ],
    "system_of_measurement": "Imperial",
    "gender": "M",
    "height": 70.0,
    "body_weight": 160.0,
    "body_fat": 20.0,
    "age": 30,
    "modules": [
      "workout",
      "cardio",
      "nutrition",
      "log",
      "stats",
      "settings"
    ]
  }
},
{
  "model": "users.usersettings",
  "pk": 3,
  "fields": {
    "user": [
      "snorini"
    ],
    "system_of_measurement": "Imperial",
    "gender": "M",
    "height": 70.0,
    "body_weight": 160.0,
    "body_fat": 20.0,
    "age": 30,
    "modules": [
      "workout",
      "cardio",
      "nutrition",
      "log",
      "stats",
      "settings"
    ]
  }
}
]
